NOTE Outdated. If updating csv, will need to use website to map to hexjson

id,name,q,r,terrain,icon,colour,description
1000,"Unnamed",0,0,"Unexplored","None","rgb(102, 102, 102)",""
1001,"Unnamed",0,1,"Unexplored","None","rgb(102, 102, 102)",""
1002,"Unnamed",0,2,"Unexplored","None","rgb(102, 102, 102)",""
1003,"Unnamed",0,3,"Unexplored","None","rgb(102, 102, 102)",""
1004,"Unnamed",0,4,"Unexplored","None","rgb(102, 102, 102)",""
1005,"Unnamed",0,5,"Unexplored","None","rgb(102, 102, 102)",""
1006,"Unnamed",0,6,"Unexplored","None","rgb(102, 102, 102)",""
1007,"Unnamed",0,7,"Unexplored","None","rgb(102, 102, 102)",""
1008,"Unnamed",0,8,"Unexplored","None","rgb(102, 102, 102)",""
1009,"Unnamed",0,9,"Unexplored","None","rgb(102, 102, 102)",""
1010,"Unnamed",0,10,"Unexplored","None","rgb(102, 102, 102)",""
1011,"Unnamed",0,11,"Unexplored","None","rgb(102, 102, 102)",""
1012,"Unnamed",0,12,"Unexplored","None","rgb(102, 102, 102)",""
1013,"Unnamed",0,13,"Unexplored","None","rgb(102, 102, 102)",""
1014,"Unnamed",0,14,"Unexplored","None","rgb(102, 102, 102)",""
1015,"Unnamed",0,15,"Unexplored","None","rgb(102, 102, 102)",""
1016,"Unnamed",0,16,"Unexplored","None","rgb(102, 102, 102)",""
1017,"Unnamed",0,17,"Unexplored","None","rgb(102, 102, 102)",""
1018,"Unnamed",0,18,"Unexplored","None","rgb(102, 102, 102)",""
1019,"Unnamed",0,19,"Unexplored","None","rgb(102, 102, 102)",""
1020,"Unnamed",0,20,"Unexplored","None","rgb(102, 102, 102)",""
1021,"Unnamed",0,21,"Unexplored","None","rgb(102, 102, 102)",""
1022,"Unnamed",0,22,"Unexplored","None","rgb(102, 102, 102)",""
1023,"Unnamed",0,23,"Unexplored","None","rgb(102, 102, 102)",""
1024,"Unnamed",0,24,"Unexplored","None","rgb(102, 102, 102)",""
1025,"Unnamed",0,25,"Unexplored","None","rgb(102, 102, 102)",""
1026,"Unnamed",0,26,"Unexplored","None","rgb(102, 102, 102)",""
1027,"Unnamed",0,27,"Unexplored","None","rgb(102, 102, 102)",""
1028,"Unnamed",0,28,"Unexplored","None","rgb(102, 102, 102)",""
1029,"Unnamed",0,29,"Unexplored","None","rgb(102, 102, 102)",""
1030,"Unnamed",0,30,"Unexplored","None","rgb(102, 102, 102)",""
1031,"Unnamed",0,31,"Unexplored","None","rgb(102, 102, 102)",""
1032,"Unnamed",0,32,"Unexplored","None","rgb(102, 102, 102)",""
1033,"Unnamed",0,33,"Unexplored","None","rgb(102, 102, 102)",""
1034,"Unnamed",0,34,"Unexplored","None","rgb(102, 102, 102)",""
1035,"Unnamed",0,35,"Unexplored","None","rgb(102, 102, 102)",""
1036,"Unnamed",0,36,"Unexplored","None","rgb(102, 102, 102)",""
1037,"Unnamed",0,37,"Unexplored","None","rgb(102, 102, 102)",""
1038,"Unnamed",0,38,"Unexplored","None","rgb(102, 102, 102)",""
1039,"Unnamed",0,39,"Unexplored","None","rgb(102, 102, 102)",""
1040,"Unnamed",0,40,"Unexplored","None","rgb(102, 102, 102)",""
1041,"Unnamed",0,41,"Unexplored","None","rgb(102, 102, 102)",""
1042,"Unnamed",0,42,"Unexplored","None","rgb(102, 102, 102)",""
1043,"Unnamed",1,0,"Unexplored","None","rgb(102, 102, 102)",""
1044,"Unnamed",1,1,"Unexplored","None","rgb(102, 102, 102)",""
1045,"Unnamed",1,2,"Unexplored","None","rgb(102, 102, 102)",""
1046,"Unnamed",1,3,"Unexplored","None","rgb(102, 102, 102)",""
1047,"Unnamed",1,4,"Unexplored","None","rgb(102, 102, 102)",""
1048,"Unnamed",1,5,"Unexplored","None","rgb(102, 102, 102)",""
1049,"Unnamed",1,6,"Unexplored","None","rgb(102, 102, 102)",""
1050,"Unnamed",1,7,"Unexplored","None","rgb(102, 102, 102)",""
1051,"Unnamed",1,8,"Unexplored","None","rgb(102, 102, 102)",""
1052,"Unnamed",1,9,"Unexplored","None","rgb(102, 102, 102)",""
1053,"Unnamed",1,10,"Unexplored","None","rgb(102, 102, 102)",""
1054,"Unnamed",1,11,"Unexplored","None","rgb(102, 102, 102)",""
1055,"Unnamed",1,12,"Unexplored","None","rgb(102, 102, 102)",""
1056,"Unnamed",1,13,"Unexplored","None","rgb(102, 102, 102)",""
1057,"Unnamed",1,14,"Unexplored","None","rgb(102, 102, 102)",""
1058,"Unnamed",1,15,"Unexplored","None","rgb(102, 102, 102)",""
1059,"Unnamed",1,16,"Unexplored","None","rgb(102, 102, 102)",""
1060,"Unnamed",1,17,"Unexplored","None","rgb(102, 102, 102)",""
1061,"Unnamed",1,18,"Unexplored","None","rgb(102, 102, 102)",""
1062,"Unnamed",1,19,"Unexplored","None","rgb(102, 102, 102)",""
1063,"Unnamed",1,20,"Unexplored","None","rgb(102, 102, 102)",""
1064,"Unnamed",1,21,"Unexplored","None","rgb(102, 102, 102)",""
1065,"Unnamed",1,22,"Unexplored","None","rgb(102, 102, 102)",""
1066,"Unnamed",1,23,"Unexplored","None","rgb(102, 102, 102)",""
1067,"Unnamed",1,24,"Unexplored","None","rgb(102, 102, 102)",""
1068,"Unnamed",1,25,"Unexplored","None","rgb(102, 102, 102)",""
1069,"Unnamed",1,26,"Unexplored","None","rgb(102, 102, 102)",""
1070,"Unnamed",1,27,"Unexplored","None","rgb(102, 102, 102)",""
1071,"Unnamed",1,28,"Unexplored","None","rgb(102, 102, 102)",""
1072,"Unnamed",1,29,"Unexplored","None","rgb(102, 102, 102)",""
1073,"Unnamed",1,30,"Unexplored","None","rgb(102, 102, 102)",""
1074,"Unnamed",1,31,"Unexplored","None","rgb(102, 102, 102)",""
1075,"Unnamed",1,32,"Unexplored","None","rgb(102, 102, 102)",""
1076,"Unnamed",1,33,"Unexplored","None","rgb(102, 102, 102)",""
1077,"Unnamed",1,34,"Unexplored","None","rgb(102, 102, 102)",""
1078,"Unnamed",1,35,"Unexplored","None","rgb(102, 102, 102)",""
1079,"Unnamed",1,36,"Unexplored","None","rgb(102, 102, 102)",""
1080,"Unnamed",1,37,"Unexplored","None","rgb(102, 102, 102)",""
1081,"Unnamed",1,38,"Unexplored","None","rgb(102, 102, 102)",""
1082,"Unnamed",1,39,"Unexplored","None","rgb(102, 102, 102)",""
1083,"Unnamed",1,40,"Unexplored","None","rgb(102, 102, 102)",""
1084,"Unnamed",1,41,"Unexplored","None","rgb(102, 102, 102)",""
1085,"Unnamed",1,42,"Unexplored","None","rgb(102, 102, 102)",""
1086,"Unnamed",2,0,"Unexplored","None","rgb(102, 102, 102)",""
1087,"Unnamed",2,1,"Unexplored","None","rgb(102, 102, 102)",""
1088,"Unnamed",2,2,"Unexplored","None","rgb(102, 102, 102)",""
1089,"Unnamed",2,3,"Unexplored","None","rgb(102, 102, 102)",""
1090,"Unnamed",2,4,"Unexplored","None","rgb(102, 102, 102)",""
1091,"Unnamed",2,5,"Unexplored","None","rgb(102, 102, 102)",""
1092,"Unnamed",2,6,"Unexplored","None","rgb(102, 102, 102)",""
1093,"Unnamed",2,7,"Unexplored","None","rgb(102, 102, 102)",""
1094,"Unnamed",2,8,"Unexplored","None","rgb(102, 102, 102)",""
1095,"Unnamed",2,9,"Unexplored","None","rgb(102, 102, 102)",""
1096,"Unnamed",2,10,"Unexplored","None","rgb(102, 102, 102)",""
1097,"Unnamed",2,11,"Unexplored","None","rgb(102, 102, 102)",""
1098,"Unnamed",2,12,"Unexplored","None","rgb(102, 102, 102)",""
1099,"Unnamed",2,13,"Unexplored","None","rgb(102, 102, 102)",""
1100,"Unnamed",2,14,"Unexplored","None","rgb(102, 102, 102)",""
1101,"Unnamed",2,15,"Unexplored","None","rgb(102, 102, 102)",""
1102,"Unnamed",2,16,"Unexplored","None","rgb(102, 102, 102)",""
1103,"Unnamed",2,17,"Unexplored","None","rgb(102, 102, 102)",""
1104,"Unnamed",2,18,"Unexplored","None","rgb(102, 102, 102)",""
1105,"Unnamed",2,19,"Unexplored","None","rgb(102, 102, 102)",""
1106,"Unnamed",2,20,"Unexplored","None","rgb(102, 102, 102)",""
1107,"Unnamed",2,21,"Unexplored","None","rgb(102, 102, 102)",""
1108,"Unnamed",2,22,"Unexplored","None","rgb(102, 102, 102)",""
1109,"Unnamed",2,23,"Unexplored","None","rgb(102, 102, 102)",""
1110,"Unnamed",2,24,"Unexplored","None","rgb(102, 102, 102)",""
1111,"Unnamed",2,25,"Unexplored","None","rgb(102, 102, 102)",""
1112,"Unnamed",2,26,"Unexplored","None","rgb(102, 102, 102)",""
1113,"Unnamed",2,27,"Unexplored","None","rgb(102, 102, 102)",""
1114,"Unnamed",2,28,"Unexplored","None","rgb(102, 102, 102)",""
1115,"Unnamed",2,29,"Unexplored","None","rgb(102, 102, 102)",""
1116,"Unnamed",2,30,"Unexplored","None","rgb(102, 102, 102)",""
1117,"Unnamed",2,31,"Unexplored","None","rgb(102, 102, 102)",""
1118,"Unnamed",2,32,"Unexplored","None","rgb(102, 102, 102)",""
1119,"Unnamed",2,33,"Unexplored","None","rgb(102, 102, 102)",""
1120,"Unnamed",2,34,"Unexplored","None","rgb(102, 102, 102)",""
1121,"Unnamed",2,35,"Unexplored","None","rgb(102, 102, 102)",""
1122,"Unnamed",2,36,"Unexplored","None","rgb(102, 102, 102)",""
1123,"Unnamed",2,37,"Unexplored","None","rgb(102, 102, 102)",""
1124,"Unnamed",2,38,"Unexplored","None","rgb(102, 102, 102)",""
1125,"Unnamed",2,39,"Unexplored","None","rgb(102, 102, 102)",""
1126,"Unnamed",2,40,"Unexplored","None","rgb(102, 102, 102)",""
1127,"Unnamed",2,41,"Unexplored","None","rgb(102, 102, 102)",""
1128,"Unnamed",2,42,"Unexplored","None","rgb(102, 102, 102)",""
1129,"Unnamed",3,0,"Unexplored","None","rgb(102, 102, 102)",""
1130,"Unnamed",3,1,"Unexplored","None","rgb(102, 102, 102)",""
1131,"Unnamed",3,2,"Unexplored","None","rgb(102, 102, 102)",""
1132,"Unnamed",3,3,"Unexplored","None","rgb(102, 102, 102)",""
1133,"Unnamed",3,4,"Unexplored","None","rgb(102, 102, 102)",""
1134,"Unnamed",3,5,"Unexplored","None","rgb(102, 102, 102)",""
1135,"Unnamed",3,6,"Unexplored","None","rgb(102, 102, 102)",""
1136,"Unnamed",3,7,"Unexplored","None","rgb(102, 102, 102)",""
1137,"Unnamed",3,8,"Unexplored","None","rgb(102, 102, 102)",""
1138,"Unnamed",3,9,"Unexplored","None","rgb(102, 102, 102)",""
1139,"Unnamed",3,10,"Unexplored","None","rgb(102, 102, 102)",""
1140,"Unnamed",3,11,"Unexplored","None","rgb(102, 102, 102)",""
1141,"Unnamed",3,12,"Unexplored","None","rgb(102, 102, 102)",""
1142,"Unnamed",3,13,"Unexplored","None","rgb(102, 102, 102)",""
1143,"Unnamed",3,14,"Unexplored","None","rgb(102, 102, 102)",""
1144,"Unnamed",3,15,"Unexplored","None","rgb(102, 102, 102)",""
1145,"Unnamed",3,16,"Unexplored","None","rgb(102, 102, 102)",""
1146,"Unnamed",3,17,"Unexplored","None","rgb(102, 102, 102)",""
1147,"Unnamed",3,18,"Unexplored","None","rgb(102, 102, 102)",""
1148,"Unnamed",3,19,"Unexplored","None","rgb(102, 102, 102)",""
1149,"Unnamed",3,20,"Unexplored","None","rgb(102, 102, 102)",""
1150,"Unnamed",3,21,"Unexplored","None","rgb(102, 102, 102)",""
1151,"Unnamed",3,22,"Unexplored","None","rgb(102, 102, 102)",""
1152,"Unnamed",3,23,"Unexplored","None","rgb(102, 102, 102)",""
1153,"Unnamed",3,24,"Unexplored","None","rgb(102, 102, 102)",""
1154,"Unnamed",3,25,"Unexplored","None","rgb(102, 102, 102)",""
1155,"Unnamed",3,26,"Unexplored","None","rgb(102, 102, 102)",""
1156,"Unnamed",3,27,"Unexplored","None","rgb(102, 102, 102)",""
1157,"Unnamed",3,28,"Unexplored","None","rgb(102, 102, 102)",""
1158,"Unnamed",3,29,"Unexplored","None","rgb(102, 102, 102)",""
1159,"Unnamed",3,30,"Unexplored","None","rgb(102, 102, 102)",""
1160,"Unnamed",3,31,"Unexplored","None","rgb(102, 102, 102)",""
1161,"Unnamed",3,32,"Unexplored","None","rgb(102, 102, 102)",""
1162,"Unnamed",3,33,"Unexplored","None","rgb(102, 102, 102)",""
1163,"Unnamed",3,34,"Unexplored","None","rgb(102, 102, 102)",""
1164,"Unnamed",3,35,"Unexplored","None","rgb(102, 102, 102)",""
1165,"Unnamed",3,36,"Unexplored","None","rgb(102, 102, 102)",""
1166,"Unnamed",3,37,"Unexplored","None","rgb(102, 102, 102)",""
1167,"Unnamed",3,38,"Unexplored","None","rgb(102, 102, 102)",""
1168,"Unnamed",3,39,"Unexplored","None","rgb(102, 102, 102)",""
1169,"Unnamed",3,40,"Unexplored","None","rgb(102, 102, 102)",""
1170,"Unnamed",3,41,"Unexplored","None","rgb(102, 102, 102)",""
1171,"Unnamed",3,42,"Unexplored","None","rgb(102, 102, 102)",""
1172,"Unnamed",4,0,"Unexplored","None","rgb(102, 102, 102)",""
1173,"Unnamed",4,1,"Unexplored","None","rgb(102, 102, 102)",""
1174,"Unnamed",4,2,"Unexplored","None","rgb(102, 102, 102)",""
1175,"Unnamed",4,3,"Unexplored","None","rgb(102, 102, 102)",""
1176,"Unnamed",4,4,"Unexplored","None","rgb(102, 102, 102)",""
1177,"Unnamed",4,5,"Unexplored","None","rgb(102, 102, 102)",""
1178,"Unnamed",4,6,"Unexplored","None","rgb(102, 102, 102)",""
1179,"Unnamed",4,7,"Unexplored","None","rgb(102, 102, 102)",""
1180,"Unnamed",4,8,"Unexplored","None","rgb(102, 102, 102)",""
1181,"Unnamed",4,9,"Unexplored","None","rgb(102, 102, 102)",""
1182,"Unnamed",4,10,"Unexplored","None","rgb(102, 102, 102)",""
1183,"Unnamed",4,11,"Unexplored","None","rgb(102, 102, 102)",""
1184,"Unnamed",4,12,"Unexplored","None","rgb(102, 102, 102)",""
1185,"Unnamed",4,13,"Unexplored","None","rgb(102, 102, 102)",""
1186,"Unnamed",4,14,"Unexplored","None","rgb(102, 102, 102)",""
1187,"Unnamed",4,15,"Unexplored","None","rgb(102, 102, 102)",""
1188,"Unnamed",4,16,"Unexplored","None","rgb(102, 102, 102)",""
1189,"Unnamed",4,17,"Unexplored","None","rgb(102, 102, 102)",""
1190,"Unnamed",4,18,"Unexplored","None","rgb(102, 102, 102)",""
1191,"Unnamed",4,19,"Unexplored","None","rgb(102, 102, 102)",""
1192,"Unnamed",4,20,"Unexplored","None","rgb(102, 102, 102)",""
1193,"Unnamed",4,21,"Unexplored","None","rgb(102, 102, 102)",""
1194,"Unnamed",4,22,"Unexplored","None","rgb(102, 102, 102)",""
1195,"Unnamed",4,23,"Unexplored","None","rgb(102, 102, 102)",""
1196,"Unnamed",4,24,"Unexplored","None","rgb(102, 102, 102)",""
1197,"Unnamed",4,25,"Unexplored","None","rgb(102, 102, 102)",""
1198,"Unnamed",4,26,"Unexplored","None","rgb(102, 102, 102)",""
1199,"Unnamed",4,27,"Unexplored","None","rgb(102, 102, 102)",""
1200,"Unnamed",4,28,"Unexplored","None","rgb(102, 102, 102)",""
1201,"Unnamed",4,29,"Unexplored","None","rgb(102, 102, 102)",""
1202,"Unnamed",4,30,"Unexplored","None","rgb(102, 102, 102)",""
1203,"Unnamed",4,31,"Unexplored","None","rgb(102, 102, 102)",""
1204,"Unnamed",4,32,"Unexplored","None","rgb(102, 102, 102)",""
1205,"Unnamed",4,33,"Unexplored","None","rgb(102, 102, 102)",""
1206,"Unnamed",4,34,"Unexplored","None","rgb(102, 102, 102)",""
1207,"Unnamed",4,35,"Unexplored","None","rgb(102, 102, 102)",""
1208,"Unnamed",4,36,"Unexplored","None","rgb(102, 102, 102)",""
1209,"Unnamed",4,37,"Unexplored","None","rgb(102, 102, 102)",""
1210,"Unnamed",4,38,"Unexplored","None","rgb(102, 102, 102)",""
1211,"Unnamed",4,39,"Unexplored","None","rgb(102, 102, 102)",""
1212,"Unnamed",4,40,"Unexplored","None","rgb(102, 102, 102)",""
1213,"Unnamed",4,41,"Unexplored","None","rgb(102, 102, 102)",""
1214,"Unnamed",4,42,"Unexplored","None","rgb(102, 102, 102)",""
1215,"Unnamed",5,0,"Unexplored","None","rgb(102, 102, 102)",""
1216,"Unnamed",5,1,"Unexplored","None","rgb(102, 102, 102)",""
1217,"Unnamed",5,2,"Unexplored","None","rgb(102, 102, 102)",""
1218,"Unnamed",5,3,"Unexplored","None","rgb(102, 102, 102)",""
1219,"Unnamed",5,4,"Unexplored","None","rgb(102, 102, 102)",""
1220,"Unnamed",5,5,"Unexplored","None","rgb(102, 102, 102)",""
1221,"Unnamed",5,6,"Unexplored","None","rgb(102, 102, 102)",""
1222,"Unnamed",5,7,"Unexplored","None","rgb(102, 102, 102)",""
1223,"Unnamed",5,8,"Unexplored","None","rgb(102, 102, 102)",""
1224,"Unnamed",5,9,"Unexplored","None","rgb(102, 102, 102)",""
1225,"Unnamed",5,10,"Unexplored","None","rgb(102, 102, 102)",""
1226,"Unnamed",5,11,"Unexplored","None","rgb(102, 102, 102)",""
1227,"Unnamed",5,12,"Unexplored","None","rgb(102, 102, 102)",""
1228,"Unnamed",5,13,"Unexplored","None","rgb(102, 102, 102)",""
1229,"Unnamed",5,14,"Unexplored","None","rgb(102, 102, 102)",""
1230,"Unnamed",5,15,"Unexplored","None","rgb(102, 102, 102)",""
1231,"Unnamed",5,16,"Unexplored","None","rgb(102, 102, 102)",""
1232,"Unnamed",5,17,"Unexplored","None","rgb(102, 102, 102)",""
1233,"Unnamed",5,18,"Unexplored","None","rgb(102, 102, 102)",""
1234,"Unnamed",5,19,"Unexplored","None","rgb(102, 102, 102)",""
1235,"Unnamed",5,20,"Unexplored","None","rgb(102, 102, 102)",""
1236,"Unnamed",5,21,"Unexplored","None","rgb(102, 102, 102)",""
1237,"Unnamed",5,22,"Unexplored","None","rgb(102, 102, 102)",""
1238,"Unnamed",5,23,"Unexplored","None","rgb(102, 102, 102)",""
1239,"Unnamed",5,24,"Unexplored","None","rgb(102, 102, 102)",""
1240,"Unnamed",5,25,"Unexplored","None","rgb(102, 102, 102)",""
1241,"Unnamed",5,26,"Unexplored","None","rgb(102, 102, 102)",""
1242,"Unnamed",5,27,"Unexplored","None","rgb(102, 102, 102)",""
1243,"Unnamed",5,28,"Unexplored","None","rgb(102, 102, 102)",""
1244,"Unnamed",5,29,"Unexplored","None","rgb(102, 102, 102)",""
1245,"Unnamed",5,30,"Unexplored","None","rgb(102, 102, 102)",""
1246,"Unnamed",5,31,"Unexplored","None","rgb(102, 102, 102)",""
1247,"Unnamed",5,32,"Unexplored","None","rgb(102, 102, 102)",""
1248,"Unnamed",5,33,"Unexplored","None","rgb(102, 102, 102)",""
1249,"Unnamed",5,34,"Unexplored","None","rgb(102, 102, 102)",""
1250,"Unnamed",5,35,"Unexplored","None","rgb(102, 102, 102)",""
1251,"Unnamed",5,36,"Unexplored","None","rgb(102, 102, 102)",""
1252,"Unnamed",5,37,"Unexplored","None","rgb(102, 102, 102)",""
1253,"Unnamed",5,38,"Unexplored","None","rgb(102, 102, 102)",""
1254,"Unnamed",5,39,"Unexplored","None","rgb(102, 102, 102)",""
1255,"Unnamed",5,40,"Unexplored","None","rgb(102, 102, 102)",""
1256,"Unnamed",5,41,"Unexplored","None","rgb(102, 102, 102)",""
1257,"Unnamed",5,42,"Unexplored","None","rgb(102, 102, 102)",""
1258,"Unnamed",6,0,"Unexplored","None","rgb(102, 102, 102)",""
1259,"Unnamed",6,1,"Unexplored","None","rgb(102, 102, 102)",""
1260,"Unnamed",6,2,"Unexplored","None","rgb(102, 102, 102)",""
1261,"Unnamed",6,3,"Unexplored","None","rgb(102, 102, 102)",""
1262,"Unnamed",6,4,"Unexplored","None","rgb(102, 102, 102)",""
1263,"Unnamed",6,5,"Unexplored","None","rgb(102, 102, 102)",""
1264,"Unnamed",6,6,"Unexplored","None","rgb(102, 102, 102)",""
1265,"Unnamed",6,7,"Unexplored","None","rgb(102, 102, 102)",""
1266,"Unnamed",6,8,"Unexplored","None","rgb(102, 102, 102)",""
1267,"Unnamed",6,9,"Unexplored","None","rgb(102, 102, 102)",""
1268,"Unnamed",6,10,"Unexplored","None","rgb(102, 102, 102)",""
1269,"Unnamed",6,11,"Unexplored","None","rgb(102, 102, 102)",""
1270,"Unnamed",6,12,"Unexplored","None","rgb(102, 102, 102)",""
1271,"Unnamed",6,13,"Unexplored","None","rgb(102, 102, 102)",""
1272,"Unnamed",6,14,"Unexplored","None","rgb(102, 102, 102)",""
1273,"Unnamed",6,15,"Unexplored","None","rgb(102, 102, 102)",""
1274,"Unnamed",6,16,"Unexplored","None","rgb(102, 102, 102)",""
1275,"Unnamed",6,17,"Unexplored","None","rgb(102, 102, 102)",""
1276,"Unnamed",6,18,"Unexplored","None","rgb(102, 102, 102)",""
1277,"Unnamed",6,19,"Unexplored","None","rgb(102, 102, 102)",""
1278,"Unnamed",6,20,"Unexplored","None","rgb(102, 102, 102)",""
1279,"Unnamed",6,21,"Unexplored","None","rgb(102, 102, 102)",""
1280,"Unnamed",6,22,"Unexplored","None","rgb(102, 102, 102)",""
1281,"Unnamed",6,23,"Unexplored","None","rgb(102, 102, 102)",""
1282,"Unnamed",6,24,"Unexplored","None","rgb(102, 102, 102)",""
1283,"Unnamed",6,25,"Unexplored","None","rgb(102, 102, 102)",""
1284,"Unnamed",6,26,"Unexplored","None","rgb(102, 102, 102)",""
1285,"Unnamed",6,27,"Unexplored","None","rgb(102, 102, 102)",""
1286,"Unnamed",6,28,"Unexplored","None","rgb(102, 102, 102)",""
1287,"Unnamed",6,29,"Unexplored","None","rgb(102, 102, 102)",""
1288,"Unnamed",6,30,"Unexplored","None","rgb(102, 102, 102)",""
1289,"Unnamed",6,31,"Unexplored","None","rgb(102, 102, 102)",""
1290,"Unnamed",6,32,"Unexplored","None","rgb(102, 102, 102)",""
1291,"Unnamed",6,33,"Unexplored","None","rgb(102, 102, 102)",""
1292,"Unnamed",6,34,"Unexplored","None","rgb(102, 102, 102)",""
1293,"Unnamed",6,35,"Unexplored","None","rgb(102, 102, 102)",""
1294,"Unnamed",6,36,"Unexplored","None","rgb(102, 102, 102)",""
1295,"Unnamed",6,37,"Unexplored","None","rgb(102, 102, 102)",""
1296,"Unnamed",6,38,"Unexplored","None","rgb(102, 102, 102)",""
1297,"Unnamed",6,39,"Unexplored","None","rgb(102, 102, 102)",""
1298,"Unnamed",6,40,"Unexplored","None","rgb(102, 102, 102)",""
1299,"Unnamed",6,41,"Unexplored","None","rgb(102, 102, 102)",""
1300,"Unnamed",6,42,"Unexplored","None","rgb(102, 102, 102)",""
1301,"Unnamed",7,0,"Unexplored","None","rgb(102, 102, 102)",""
1302,"Unnamed",7,1,"Unexplored","None","rgb(102, 102, 102)",""
1303,"Unnamed",7,2,"Unexplored","None","rgb(102, 102, 102)",""
1304,"Unnamed",7,3,"Unexplored","None","rgb(102, 102, 102)",""
1305,"Unnamed",7,4,"Unexplored","None","rgb(102, 102, 102)",""
1306,"Unnamed",7,5,"Unexplored","None","rgb(102, 102, 102)",""
1307,"Unnamed",7,6,"Unexplored","None","rgb(102, 102, 102)",""
1308,"Unnamed",7,7,"Unexplored","None","rgb(102, 102, 102)",""
1309,"Unnamed",7,8,"Unexplored","None","rgb(102, 102, 102)",""
1310,"Unnamed",7,9,"Unexplored","None","rgb(102, 102, 102)",""
1311,"Unnamed",7,10,"Unexplored","None","rgb(102, 102, 102)",""
1312,"Unnamed",7,11,"Unexplored","None","rgb(102, 102, 102)",""
1313,"Unnamed",7,12,"Unexplored","None","rgb(102, 102, 102)",""
1314,"Unnamed",7,13,"Unexplored","None","rgb(102, 102, 102)",""
1315,"Unnamed",7,14,"Unexplored","None","rgb(102, 102, 102)",""
1316,"Unnamed",7,15,"Unexplored","None","rgb(102, 102, 102)",""
1317,"Unnamed",7,16,"Unexplored","None","rgb(102, 102, 102)",""
1318,"Unnamed",7,17,"Unexplored","None","rgb(102, 102, 102)",""
1319,"Unnamed",7,18,"Unexplored","None","rgb(102, 102, 102)",""
1320,"Unnamed",7,19,"Unexplored","None","rgb(102, 102, 102)",""
1321,"Unnamed",7,20,"Unexplored","None","rgb(102, 102, 102)",""
1322,"Unnamed",7,21,"Unexplored","None","rgb(102, 102, 102)",""
1323,"Unnamed",7,22,"Unexplored","None","rgb(102, 102, 102)",""
1324,"Unnamed",7,23,"Unexplored","None","rgb(102, 102, 102)",""
1325,"Unnamed",7,24,"Unexplored","None","rgb(102, 102, 102)",""
1326,"Unnamed",7,25,"Unexplored","None","rgb(102, 102, 102)",""
1327,"Unnamed",7,26,"Unexplored","None","rgb(102, 102, 102)",""
1328,"Unnamed",7,27,"Unexplored","None","rgb(102, 102, 102)",""
1329,"Unnamed",7,28,"Unexplored","None","rgb(102, 102, 102)",""
1330,"Unnamed",7,29,"Unexplored","None","rgb(102, 102, 102)",""
1331,"Unnamed",7,30,"Unexplored","None","rgb(102, 102, 102)",""
1332,"Unnamed",7,31,"Unexplored","None","rgb(102, 102, 102)",""
1333,"Unnamed",7,32,"Unexplored","None","rgb(102, 102, 102)",""
1334,"Unnamed",7,33,"Unexplored","None","rgb(102, 102, 102)",""
1335,"Unnamed",7,34,"Unexplored","None","rgb(102, 102, 102)",""
1336,"Unnamed",7,35,"Unexplored","None","rgb(102, 102, 102)",""
1337,"Unnamed",7,36,"Unexplored","None","rgb(102, 102, 102)",""
1338,"Unnamed",7,37,"Unexplored","None","rgb(102, 102, 102)",""
1339,"Unnamed",7,38,"Unexplored","None","rgb(102, 102, 102)",""
1340,"Unnamed",7,39,"Unexplored","None","rgb(102, 102, 102)",""
1341,"Unnamed",7,40,"Unexplored","None","rgb(102, 102, 102)",""
1342,"Unnamed",7,41,"Unexplored","None","rgb(102, 102, 102)",""
1343,"Unnamed",7,42,"Unexplored","None","rgb(102, 102, 102)",""
1344,"Unnamed",8,0,"Unexplored","None","rgb(102, 102, 102)",""
1345,"Unnamed",8,1,"Unexplored","None","rgb(102, 102, 102)",""
1346,"Unnamed",8,2,"Unexplored","None","rgb(102, 102, 102)",""
1347,"Unnamed",8,3,"Unexplored","None","rgb(102, 102, 102)",""
1348,"Unnamed",8,4,"Unexplored","None","rgb(102, 102, 102)",""
1349,"Unnamed",8,5,"Unexplored","None","rgb(102, 102, 102)",""
1350,"Unnamed",8,6,"Unexplored","None","rgb(102, 102, 102)",""
1351,"Unnamed",8,7,"Unexplored","None","rgb(102, 102, 102)",""
1352,"Unnamed",8,8,"Unexplored","None","rgb(102, 102, 102)",""
1353,"Unnamed",8,9,"Unexplored","None","rgb(102, 102, 102)",""
1354,"Unnamed",8,10,"Unexplored","None","rgb(102, 102, 102)",""
1355,"Unnamed",8,11,"Unexplored","None","rgb(102, 102, 102)",""
1356,"Unnamed",8,12,"Unexplored","None","rgb(102, 102, 102)",""
1357,"Unnamed",8,13,"Unexplored","None","rgb(102, 102, 102)",""
1358,"Unnamed",8,14,"Unexplored","None","rgb(102, 102, 102)",""
1359,"Unnamed",8,15,"Unexplored","None","rgb(102, 102, 102)",""
1360,"Unnamed",8,16,"Unexplored","None","rgb(102, 102, 102)",""
1361,"Unnamed",8,17,"Unexplored","None","rgb(102, 102, 102)",""
1362,"Unnamed",8,18,"Unexplored","None","rgb(102, 102, 102)",""
1363,"Unnamed",8,19,"Unexplored","None","rgb(102, 102, 102)",""
1364,"Unnamed",8,20,"Unexplored","None","rgb(102, 102, 102)",""
1365,"Unnamed",8,21,"Unexplored","None","rgb(102, 102, 102)",""
1366,"Unnamed",8,22,"Unexplored","None","rgb(102, 102, 102)",""
1367,"Unnamed",8,23,"Unexplored","None","rgb(102, 102, 102)",""
1368,"Unnamed",8,24,"Unexplored","None","rgb(102, 102, 102)",""
1369,"Unnamed",8,25,"Unexplored","None","rgb(102, 102, 102)",""
1370,"Unnamed",8,26,"Unexplored","None","rgb(102, 102, 102)",""
1371,"Unnamed",8,27,"Unexplored","None","rgb(102, 102, 102)",""
1372,"Unnamed",8,28,"Unexplored","None","rgb(102, 102, 102)",""
1373,"Unnamed",8,29,"Unexplored","None","rgb(102, 102, 102)",""
1374,"Unnamed",8,30,"Unexplored","None","rgb(102, 102, 102)",""
1375,"Unnamed",8,31,"Unexplored","None","rgb(102, 102, 102)",""
1376,"Unnamed",8,32,"Unexplored","None","rgb(102, 102, 102)",""
1377,"Unnamed",8,33,"Unexplored","None","rgb(102, 102, 102)",""
1378,"Unnamed",8,34,"Unexplored","None","rgb(102, 102, 102)",""
1379,"Unnamed",8,35,"Unexplored","None","rgb(102, 102, 102)",""
1380,"Unnamed",8,36,"Unexplored","None","rgb(102, 102, 102)",""
1381,"Unnamed",8,37,"Unexplored","None","rgb(102, 102, 102)",""
1382,"Unnamed",8,38,"Unexplored","None","rgb(102, 102, 102)",""
1383,"Unnamed",8,39,"Unexplored","None","rgb(102, 102, 102)",""
1384,"Unnamed",8,40,"Unexplored","None","rgb(102, 102, 102)",""
1385,"Unnamed",8,41,"Unexplored","None","rgb(102, 102, 102)",""
1386,"Unnamed",8,42,"Unexplored","None","rgb(102, 102, 102)",""
1387,"Unnamed",9,0,"Unexplored","None","rgb(102, 102, 102)",""
1388,"Unnamed",9,1,"Unexplored","None","rgb(102, 102, 102)",""
1389,"Unnamed",9,2,"Unexplored","None","rgb(102, 102, 102)",""
1390,"Unnamed",9,3,"Unexplored","None","rgb(102, 102, 102)",""
1391,"Unnamed",9,4,"Unexplored","None","rgb(102, 102, 102)",""
1392,"Unnamed",9,5,"Unexplored","None","rgb(102, 102, 102)",""
1393,"Unnamed",9,6,"Unexplored","None","rgb(102, 102, 102)",""
1394,"Unnamed",9,7,"Unexplored","None","rgb(102, 102, 102)",""
1395,"Unnamed",9,8,"Unexplored","None","rgb(102, 102, 102)",""
1396,"Unnamed",9,9,"Unexplored","None","rgb(102, 102, 102)",""
1397,"Unnamed",9,10,"Unexplored","None","rgb(102, 102, 102)",""
1398,"Unnamed",9,11,"Unexplored","None","rgb(102, 102, 102)",""
1399,"Unnamed",9,12,"Unexplored","None","rgb(102, 102, 102)",""
1400,"Unnamed",9,13,"Unexplored","None","rgb(102, 102, 102)",""
1401,"Unnamed",9,14,"Unexplored","None","rgb(102, 102, 102)",""
1402,"Unnamed",9,15,"Unexplored","None","rgb(102, 102, 102)",""
1403,"Unnamed",9,16,"Unexplored","None","rgb(102, 102, 102)",""
1404,"Unnamed",9,17,"Unexplored","None","rgb(102, 102, 102)",""
1405,"Unnamed",9,18,"Unexplored","None","rgb(102, 102, 102)",""
1406,"Unnamed",9,19,"Unexplored","None","rgb(102, 102, 102)",""
1407,"Unnamed",9,20,"Unexplored","None","rgb(102, 102, 102)",""
1408,"Unnamed",9,21,"Unexplored","None","rgb(102, 102, 102)",""
1409,"Unnamed",9,22,"Unexplored","None","rgb(102, 102, 102)",""
1410,"Unnamed",9,23,"Unexplored","None","rgb(102, 102, 102)",""
1411,"Unnamed",9,24,"Unexplored","None","rgb(102, 102, 102)",""
1412,"Unnamed",9,25,"Unexplored","None","rgb(102, 102, 102)",""
1413,"Unnamed",9,26,"Unexplored","None","rgb(102, 102, 102)",""
1414,"Unnamed",9,27,"Unexplored","None","rgb(102, 102, 102)",""
1415,"Unnamed",9,28,"Unexplored","None","rgb(102, 102, 102)",""
1416,"Unnamed",9,29,"Unexplored","None","rgb(102, 102, 102)",""
1417,"Unnamed",9,30,"Unexplored","None","rgb(102, 102, 102)",""
1418,"Unnamed",9,31,"Unexplored","None","rgb(102, 102, 102)",""
1419,"Unnamed",9,32,"Unexplored","None","rgb(102, 102, 102)",""
1420,"Unnamed",9,33,"Unexplored","None","rgb(102, 102, 102)",""
1421,"Unnamed",9,34,"Unexplored","None","rgb(102, 102, 102)",""
1422,"Unnamed",9,35,"Unexplored","None","rgb(102, 102, 102)",""
1423,"Unnamed",9,36,"Unexplored","None","rgb(102, 102, 102)",""
1424,"Unnamed",9,37,"Unexplored","None","rgb(102, 102, 102)",""
1425,"Unnamed",9,38,"Unexplored","None","rgb(102, 102, 102)",""
1426,"Unnamed",9,39,"Unexplored","None","rgb(102, 102, 102)",""
1427,"Unnamed",9,40,"Unexplored","None","rgb(102, 102, 102)",""
1428,"Unnamed",9,41,"Unexplored","None","rgb(102, 102, 102)",""
1429,"Unnamed",9,42,"Unexplored","None","rgb(102, 102, 102)",""
1430,"Unnamed",10,0,"Unexplored","None","rgb(102, 102, 102)",""
1431,"Unnamed",10,1,"Unexplored","None","rgb(102, 102, 102)",""
1432,"Unnamed",10,2,"Unexplored","None","rgb(102, 102, 102)",""
1433,"Unnamed",10,3,"Unexplored","None","rgb(102, 102, 102)",""
1434,"Unnamed",10,4,"Unexplored","None","rgb(102, 102, 102)",""
1435,"Unnamed",10,5,"Unexplored","None","rgb(102, 102, 102)",""
1436,"Unnamed",10,6,"Unexplored","None","rgb(102, 102, 102)",""
1437,"Unnamed",10,7,"Unexplored","None","rgb(102, 102, 102)",""
1438,"Unnamed",10,8,"Unexplored","None","rgb(102, 102, 102)",""
1439,"Unnamed",10,9,"Unexplored","None","rgb(102, 102, 102)",""
1440,"Unnamed",10,10,"Unexplored","None","rgb(102, 102, 102)",""
1441,"Unnamed",10,11,"Unexplored","None","rgb(102, 102, 102)",""
1442,"Unnamed",10,12,"Unexplored","None","rgb(102, 102, 102)",""
1443,"Unnamed",10,13,"Unexplored","None","rgb(102, 102, 102)",""
1444,"Unnamed",10,14,"Unexplored","None","rgb(102, 102, 102)",""
1445,"Unnamed",10,15,"Unexplored","None","rgb(102, 102, 102)",""
1446,"Unnamed",10,16,"Unexplored","None","rgb(102, 102, 102)",""
1447,"Unnamed",10,17,"Unexplored","None","rgb(102, 102, 102)",""
1448,"Unnamed",10,18,"Unexplored","None","rgb(102, 102, 102)",""
1449,"Unnamed",10,19,"Unexplored","None","rgb(102, 102, 102)",""
1450,"Unnamed",10,20,"Unexplored","None","rgb(102, 102, 102)",""
1451,"Unnamed",10,21,"Unexplored","None","rgb(102, 102, 102)",""
1452,"Unnamed",10,22,"Unexplored","None","rgb(102, 102, 102)",""
1453,"Unnamed",10,23,"Unexplored","None","rgb(102, 102, 102)",""
1454,"Unnamed",10,24,"Unexplored","None","rgb(102, 102, 102)",""
1455,"Unnamed",10,25,"Unexplored","None","rgb(102, 102, 102)",""
1456,"Unnamed",10,26,"Unexplored","None","rgb(102, 102, 102)",""
1457,"Unnamed",10,27,"Unexplored","None","rgb(102, 102, 102)",""
1458,"Unnamed",10,28,"Unexplored","None","rgb(102, 102, 102)",""
1459,"Unnamed",10,29,"Unexplored","None","rgb(102, 102, 102)",""
1460,"Unnamed",10,30,"Unexplored","None","rgb(102, 102, 102)",""
1461,"Unnamed",10,31,"Unexplored","None","rgb(102, 102, 102)",""
1462,"Unnamed",10,32,"Unexplored","None","rgb(102, 102, 102)",""
1463,"Unnamed",10,33,"Unexplored","None","rgb(102, 102, 102)",""
1464,"Unnamed",10,34,"Unexplored","None","rgb(102, 102, 102)",""
1465,"Unnamed",10,35,"Unexplored","None","rgb(102, 102, 102)",""
1466,"Unnamed",10,36,"Unexplored","None","rgb(102, 102, 102)",""
1467,"Unnamed",10,37,"Unexplored","None","rgb(102, 102, 102)",""
1468,"Unnamed",10,38,"Unexplored","None","rgb(102, 102, 102)",""
1469,"Unnamed",10,39,"Unexplored","None","rgb(102, 102, 102)",""
1470,"Unnamed",10,40,"Unexplored","None","rgb(102, 102, 102)",""
1471,"Unnamed",10,41,"Unexplored","None","rgb(102, 102, 102)",""
1472,"Unnamed",10,42,"Unexplored","None","rgb(102, 102, 102)",""
1473,"Unnamed",11,0,"Unexplored","None","rgb(102, 102, 102)",""
1474,"Unnamed",11,1,"Unexplored","None","rgb(102, 102, 102)",""
1475,"Unnamed",11,2,"Unexplored","None","rgb(102, 102, 102)",""
1476,"Unnamed",11,3,"Unexplored","None","rgb(102, 102, 102)",""
1477,"Unnamed",11,4,"Unexplored","None","rgb(102, 102, 102)",""
1478,"Unnamed",11,5,"Unexplored","None","rgb(102, 102, 102)",""
1479,"Unnamed",11,6,"Unexplored","None","rgb(102, 102, 102)",""
1480,"Unnamed",11,7,"Unexplored","None","rgb(102, 102, 102)",""
1481,"Unnamed",11,8,"Unexplored","None","rgb(102, 102, 102)",""
1482,"Unnamed",11,9,"Unexplored","None","rgb(102, 102, 102)",""
1483,"Unnamed",11,10,"Unexplored","None","rgb(102, 102, 102)",""
1484,"Unnamed",11,11,"Unexplored","None","rgb(102, 102, 102)",""
1485,"Unnamed",11,12,"Unexplored","None","rgb(102, 102, 102)",""
1486,"Unnamed",11,13,"Unexplored","None","rgb(102, 102, 102)",""
1487,"Unnamed",11,14,"Unexplored","None","rgb(102, 102, 102)",""
1488,"Unnamed",11,15,"Unexplored","None","rgb(102, 102, 102)",""
1489,"Unnamed",11,16,"Unexplored","None","rgb(102, 102, 102)",""
1490,"Unnamed",11,17,"Unexplored","None","rgb(102, 102, 102)",""
1491,"Unnamed",11,18,"Unexplored","None","rgb(102, 102, 102)",""
1492,"Unnamed",11,19,"Unexplored","None","rgb(102, 102, 102)",""
1493,"Unnamed",11,20,"Unexplored","None","rgb(102, 102, 102)",""
1494,"Unnamed",11,21,"Unexplored","None","rgb(102, 102, 102)",""
1495,"Unnamed",11,22,"Unexplored","None","rgb(102, 102, 102)",""
1496,"Unnamed",11,23,"Unexplored","None","rgb(102, 102, 102)",""
1497,"Unnamed",11,24,"Unexplored","None","rgb(102, 102, 102)",""
1498,"Unnamed",11,25,"Unexplored","None","rgb(102, 102, 102)",""
1499,"Unnamed",11,26,"Unexplored","None","rgb(102, 102, 102)",""
1500,"Unnamed",11,27,"Unexplored","None","rgb(102, 102, 102)",""
1501,"Unnamed",11,28,"Unexplored","None","rgb(102, 102, 102)",""
1502,"Unnamed",11,29,"Unexplored","None","rgb(102, 102, 102)",""
1503,"Unnamed",11,30,"Unexplored","None","rgb(102, 102, 102)",""
1504,"Unnamed",11,31,"Unexplored","None","rgb(102, 102, 102)",""
1505,"Unnamed",11,32,"Unexplored","None","rgb(102, 102, 102)",""
1506,"Unnamed",11,33,"Unexplored","None","rgb(102, 102, 102)",""
1507,"Unnamed",11,34,"Unexplored","None","rgb(102, 102, 102)",""
1508,"Unnamed",11,35,"Unexplored","None","rgb(102, 102, 102)",""
1509,"Unnamed",11,36,"Unexplored","None","rgb(102, 102, 102)",""
1510,"Unnamed",11,37,"Unexplored","None","rgb(102, 102, 102)",""
1511,"Unnamed",11,38,"Unexplored","None","rgb(102, 102, 102)",""
1512,"Unnamed",11,39,"Unexplored","None","rgb(102, 102, 102)",""
1513,"Unnamed",11,40,"Unexplored","None","rgb(102, 102, 102)",""
1514,"Unnamed",11,41,"Unexplored","None","rgb(102, 102, 102)",""
1515,"Unnamed",11,42,"Unexplored","None","rgb(102, 102, 102)",""
1516,"Unnamed",12,0,"Unexplored","None","rgb(102, 102, 102)",""
1517,"Unnamed",12,1,"Unexplored","None","rgb(102, 102, 102)",""
1518,"Unnamed",12,2,"Unexplored","None","rgb(102, 102, 102)",""
1519,"Unnamed",12,3,"Unexplored","None","rgb(102, 102, 102)",""
1520,"Unnamed",12,4,"Unexplored","None","rgb(102, 102, 102)",""
1521,"Unnamed",12,5,"Unexplored","None","rgb(102, 102, 102)",""
1522,"Unnamed",12,6,"Unexplored","None","rgb(102, 102, 102)",""
1523,"Unnamed",12,7,"Unexplored","None","rgb(102, 102, 102)",""
1524,"Unnamed",12,8,"Unexplored","None","rgb(102, 102, 102)",""
1525,"Unnamed",12,9,"Unexplored","None","rgb(102, 102, 102)",""
1526,"Unnamed",12,10,"Unexplored","None","rgb(102, 102, 102)",""
1527,"Unnamed",12,11,"Unexplored","None","rgb(102, 102, 102)",""
1528,"Unnamed",12,12,"Unexplored","None","rgb(102, 102, 102)",""
1529,"Unnamed",12,13,"Unexplored","None","rgb(102, 102, 102)",""
1530,"Unnamed",12,14,"Unexplored","None","rgb(102, 102, 102)",""
1531,"Unnamed",12,15,"Unexplored","None","rgb(102, 102, 102)",""
1532,"Unnamed",12,16,"Unexplored","None","rgb(102, 102, 102)",""
1533,"Unnamed",12,17,"Unexplored","None","rgb(102, 102, 102)",""
1534,"Unnamed",12,18,"Unexplored","None","rgb(102, 102, 102)",""
1535,"Unnamed",12,19,"Unexplored","None","rgb(102, 102, 102)",""
1536,"Unnamed",12,20,"Unexplored","None","rgb(102, 102, 102)",""
1537,"Unnamed",12,21,"Unexplored","None","rgb(102, 102, 102)",""
1538,"Unnamed",12,22,"Unexplored","None","rgb(102, 102, 102)",""
1539,"Unnamed",12,23,"Unexplored","None","rgb(102, 102, 102)",""
1540,"Unnamed",12,24,"Unexplored","None","rgb(102, 102, 102)",""
1541,"Unnamed",12,25,"Unexplored","None","rgb(102, 102, 102)",""
1542,"Unnamed",12,26,"Unexplored","None","rgb(102, 102, 102)",""
1543,"Unnamed",12,27,"Unexplored","None","rgb(102, 102, 102)",""
1544,"Unnamed",12,28,"Unexplored","None","rgb(102, 102, 102)",""
1545,"Unnamed",12,29,"Unexplored","None","rgb(102, 102, 102)",""
1546,"Unnamed",12,30,"Unexplored","None","rgb(102, 102, 102)",""
1547,"Unnamed",12,31,"Unexplored","None","rgb(102, 102, 102)",""
1548,"Unnamed",12,32,"Unexplored","None","rgb(102, 102, 102)",""
1549,"Unnamed",12,33,"Unexplored","None","rgb(102, 102, 102)",""
1550,"Unnamed",12,34,"Unexplored","None","rgb(102, 102, 102)",""
1551,"Unnamed",12,35,"Unexplored","None","rgb(102, 102, 102)",""
1552,"Unnamed",12,36,"Unexplored","None","rgb(102, 102, 102)",""
1553,"Unnamed",12,37,"Unexplored","None","rgb(102, 102, 102)",""
1554,"Unnamed",12,38,"Unexplored","None","rgb(102, 102, 102)",""
1555,"Unnamed",12,39,"Unexplored","None","rgb(102, 102, 102)",""
1556,"Unnamed",12,40,"Unexplored","None","rgb(102, 102, 102)",""
1557,"Unnamed",12,41,"Unexplored","None","rgb(102, 102, 102)",""
1558,"Unnamed",12,42,"Unexplored","None","rgb(102, 102, 102)",""
1559,"Unnamed",13,0,"Unexplored","None","rgb(102, 102, 102)",""
1560,"Unnamed",13,1,"Unexplored","None","rgb(102, 102, 102)",""
1561,"Unnamed",13,2,"Unexplored","None","rgb(102, 102, 102)",""
1562,"Unnamed",13,3,"Unexplored","None","rgb(102, 102, 102)",""
1563,"Unnamed",13,4,"Unexplored","None","rgb(102, 102, 102)",""
1564,"Unnamed",13,5,"Unexplored","None","rgb(102, 102, 102)",""
1565,"Unnamed",13,6,"Unexplored","None","rgb(102, 102, 102)",""
1566,"Unnamed",13,7,"Unexplored","None","rgb(102, 102, 102)",""
1567,"Unnamed",13,8,"Unexplored","None","rgb(102, 102, 102)",""
1568,"Unnamed",13,9,"Unexplored","None","rgb(102, 102, 102)",""
1569,"Unnamed",13,10,"Unexplored","None","rgb(102, 102, 102)",""
1570,"Unnamed",13,11,"Unexplored","None","rgb(102, 102, 102)",""
1571,"Unnamed",13,12,"Unexplored","None","rgb(102, 102, 102)",""
1572,"Unnamed",13,13,"Unexplored","None","rgb(102, 102, 102)",""
1573,"Unnamed",13,14,"Unexplored","None","rgb(102, 102, 102)",""
1574,"Unnamed",13,15,"Unexplored","None","rgb(102, 102, 102)",""
1575,"Unnamed",13,16,"Unexplored","None","rgb(102, 102, 102)",""
1576,"Unnamed",13,17,"Unexplored","None","rgb(102, 102, 102)",""
1577,"Unnamed",13,18,"Unexplored","None","rgb(102, 102, 102)",""
1578,"Unnamed",13,19,"Unexplored","None","rgb(102, 102, 102)",""
1579,"Unnamed",13,20,"Unexplored","None","rgb(102, 102, 102)",""
1580,"Unnamed",13,21,"Unexplored","None","rgb(102, 102, 102)",""
1581,"Unnamed",13,22,"Unexplored","None","rgb(102, 102, 102)",""
1582,"Unnamed",13,23,"Unexplored","None","rgb(102, 102, 102)",""
1583,"Unnamed",13,24,"Unexplored","None","rgb(102, 102, 102)",""
1584,"Unnamed",13,25,"Unexplored","None","rgb(102, 102, 102)",""
1585,"Unnamed",13,26,"Unexplored","None","rgb(102, 102, 102)",""
1586,"Unnamed",13,27,"Unexplored","None","rgb(102, 102, 102)",""
1587,"Unnamed",13,28,"Unexplored","None","rgb(102, 102, 102)",""
1588,"Unnamed",13,29,"Unexplored","None","rgb(102, 102, 102)",""
1589,"Unnamed",13,30,"Unexplored","None","rgb(102, 102, 102)",""
1590,"Unnamed",13,31,"Unexplored","None","rgb(102, 102, 102)",""
1591,"Unnamed",13,32,"Unexplored","None","rgb(102, 102, 102)",""
1592,"Unnamed",13,33,"Unexplored","None","rgb(102, 102, 102)",""
1593,"Unnamed",13,34,"Unexplored","None","rgb(102, 102, 102)",""
1594,"Unnamed",13,35,"Unexplored","None","rgb(102, 102, 102)",""
1595,"Unnamed",13,36,"Unexplored","None","rgb(102, 102, 102)",""
1596,"Unnamed",13,37,"Unexplored","None","rgb(102, 102, 102)",""
1597,"Unnamed",13,38,"Unexplored","None","rgb(102, 102, 102)",""
1598,"Unnamed",13,39,"Unexplored","None","rgb(102, 102, 102)",""
1599,"Unnamed",13,40,"Unexplored","None","rgb(102, 102, 102)",""
1600,"Unnamed",13,41,"Unexplored","None","rgb(102, 102, 102)",""
1601,"Unnamed",13,42,"Unexplored","None","rgb(102, 102, 102)",""
1602,"Unnamed",14,0,"Unexplored","None","rgb(102, 102, 102)",""
1603,"Unnamed",14,1,"Unexplored","None","rgb(102, 102, 102)",""
1604,"Unnamed",14,2,"Unexplored","None","rgb(102, 102, 102)",""
1605,"Unnamed",14,3,"Unexplored","None","rgb(102, 102, 102)",""
1606,"Unnamed",14,4,"Unexplored","None","rgb(102, 102, 102)",""
1607,"Unnamed",14,5,"Unexplored","None","rgb(102, 102, 102)",""
1608,"Unnamed",14,6,"Unexplored","None","rgb(102, 102, 102)",""
1609,"Unnamed",14,7,"Unexplored","None","rgb(102, 102, 102)",""
1610,"Unnamed",14,8,"Unexplored","None","rgb(102, 102, 102)",""
1611,"Unnamed",14,9,"Unexplored","None","rgb(102, 102, 102)",""
1612,"Unnamed",14,10,"Unexplored","None","rgb(102, 102, 102)",""
1613,"Unnamed",14,11,"Unexplored","None","rgb(102, 102, 102)",""
1614,"Unnamed",14,12,"Unexplored","None","rgb(102, 102, 102)",""
1615,"Unnamed",14,13,"Unexplored","None","rgb(102, 102, 102)",""
1616,"Unnamed",14,14,"Unexplored","None","rgb(102, 102, 102)",""
1617,"Unnamed",14,15,"Unexplored","None","rgb(102, 102, 102)",""
1618,"Unnamed",14,16,"Unexplored","None","rgb(102, 102, 102)",""
1619,"Unnamed",14,17,"Unexplored","None","rgb(102, 102, 102)",""
1620,"Unnamed",14,18,"Unexplored","None","rgb(102, 102, 102)",""
1621,"Unnamed",14,19,"Unexplored","None","rgb(102, 102, 102)",""
1622,"Unnamed",14,20,"Unexplored","None","rgb(102, 102, 102)",""
1623,"Unnamed",14,21,"Unexplored","None","rgb(102, 102, 102)",""
1624,"Unnamed",14,22,"Unexplored","None","rgb(102, 102, 102)",""
1625,"Unnamed",14,23,"Unexplored","None","rgb(102, 102, 102)",""
1626,"Unnamed",14,24,"Unexplored","None","rgb(102, 102, 102)",""
1627,"Unnamed",14,25,"Unexplored","None","rgb(102, 102, 102)",""
1628,"Unnamed",14,26,"Unexplored","None","rgb(102, 102, 102)",""
1629,"Unnamed",14,27,"Unexplored","None","rgb(102, 102, 102)",""
1630,"Unnamed",14,28,"Unexplored","None","rgb(102, 102, 102)",""
1631,"Unnamed",14,29,"Unexplored","None","rgb(102, 102, 102)",""
1632,"Unnamed",14,30,"Unexplored","None","rgb(102, 102, 102)",""
1633,"Unnamed",14,31,"Unexplored","None","rgb(102, 102, 102)",""
1634,"Unnamed",14,32,"Unexplored","None","rgb(102, 102, 102)",""
1635,"Unnamed",14,33,"Unexplored","None","rgb(102, 102, 102)",""
1636,"Unnamed",14,34,"Unexplored","None","rgb(102, 102, 102)",""
1637,"Unnamed",14,35,"Unexplored","None","rgb(102, 102, 102)",""
1638,"Unnamed",14,36,"Unexplored","None","rgb(102, 102, 102)",""
1639,"Unnamed",14,37,"Unexplored","None","rgb(102, 102, 102)",""
1640,"Unnamed",14,38,"Unexplored","None","rgb(102, 102, 102)",""
1641,"Unnamed",14,39,"Unexplored","None","rgb(102, 102, 102)",""
1642,"Unnamed",14,40,"Unexplored","None","rgb(102, 102, 102)",""
1643,"Unnamed",14,41,"Unexplored","None","rgb(102, 102, 102)",""
1644,"Unnamed",14,42,"Unexplored","None","rgb(102, 102, 102)",""
1645,"Unnamed",15,0,"Unexplored","None","rgb(102, 102, 102)",""
1646,"Unnamed",15,1,"Unexplored","None","rgb(102, 102, 102)",""
1647,"Unnamed",15,2,"Unexplored","None","rgb(102, 102, 102)",""
1648,"Unnamed",15,3,"Unexplored","None","rgb(102, 102, 102)",""
1649,"Unnamed",15,4,"Unexplored","None","rgb(102, 102, 102)",""
1650,"Unnamed",15,5,"Unexplored","None","rgb(102, 102, 102)",""
1651,"Unnamed",15,6,"Unexplored","None","rgb(102, 102, 102)",""
1652,"Unnamed",15,7,"Unexplored","None","rgb(102, 102, 102)",""
1653,"Unnamed",15,8,"Unexplored","None","rgb(102, 102, 102)",""
1654,"Unnamed",15,9,"Unexplored","None","rgb(102, 102, 102)",""
1655,"Unnamed",15,10,"Unexplored","None","rgb(102, 102, 102)",""
1656,"Unnamed",15,11,"Unexplored","None","rgb(102, 102, 102)",""
1657,"Unnamed",15,12,"Unexplored","None","rgb(102, 102, 102)",""
1658,"Unnamed",15,13,"Unexplored","None","rgb(102, 102, 102)",""
1659,"Unnamed",15,14,"Unexplored","None","rgb(102, 102, 102)",""
1660,"Unnamed",15,15,"Unexplored","None","rgb(102, 102, 102)",""
1661,"Unnamed",15,16,"Unexplored","None","rgb(102, 102, 102)",""
1662,"Unnamed",15,17,"Unexplored","None","rgb(102, 102, 102)",""
1663,"Unnamed",15,18,"Unexplored","None","rgb(102, 102, 102)",""
1664,"Unnamed",15,19,"Unexplored","None","rgb(102, 102, 102)",""
1665,"Unnamed",15,20,"Unexplored","None","rgb(102, 102, 102)",""
1666,"Unnamed",15,21,"Unexplored","None","rgb(102, 102, 102)",""
1667,"Unnamed",15,22,"Unexplored","None","rgb(102, 102, 102)",""
1668,"Unnamed",15,23,"Unexplored","None","rgb(102, 102, 102)",""
1669,"Unnamed",15,24,"Unexplored","None","rgb(102, 102, 102)",""
1670,"Unnamed",15,25,"Unexplored","None","rgb(102, 102, 102)",""
1671,"Unnamed",15,26,"Unexplored","None","rgb(102, 102, 102)",""
1672,"Unnamed",15,27,"Unexplored","None","rgb(102, 102, 102)",""
1673,"Unnamed",15,28,"Unexplored","None","rgb(102, 102, 102)",""
1674,"Unnamed",15,29,"Unexplored","None","rgb(102, 102, 102)",""
1675,"Unnamed",15,30,"Unexplored","None","rgb(102, 102, 102)",""
1676,"Unnamed",15,31,"Unexplored","None","rgb(102, 102, 102)",""
1677,"Unnamed",15,32,"Unexplored","None","rgb(102, 102, 102)",""
1678,"Unnamed",15,33,"Unexplored","None","rgb(102, 102, 102)",""
1679,"Unnamed",15,34,"Unexplored","None","rgb(102, 102, 102)",""
1680,"Unnamed",15,35,"Unexplored","None","rgb(102, 102, 102)",""
1681,"Unnamed",15,36,"Unexplored","None","rgb(102, 102, 102)",""
1682,"Unnamed",15,37,"Unexplored","None","rgb(102, 102, 102)",""
1683,"Unnamed",15,38,"Unexplored","None","rgb(102, 102, 102)",""
1684,"Unnamed",15,39,"Unexplored","None","rgb(102, 102, 102)",""
1685,"Unnamed",15,40,"Unexplored","None","rgb(102, 102, 102)",""
1686,"Unnamed",15,41,"Unexplored","None","rgb(102, 102, 102)",""
1687,"Unnamed",15,42,"Unexplored","None","rgb(102, 102, 102)",""
1688,"Unnamed",16,0,"Unexplored","None","rgb(102, 102, 102)",""
1689,"Unnamed",16,1,"Unexplored","None","rgb(102, 102, 102)",""
1690,"Unnamed",16,2,"Unexplored","None","rgb(102, 102, 102)",""
1691,"Unnamed",16,3,"Unexplored","None","rgb(102, 102, 102)",""
1692,"Unnamed",16,4,"Unexplored","None","rgb(102, 102, 102)",""
1693,"Unnamed",16,5,"Unexplored","None","rgb(102, 102, 102)",""
1694,"Unnamed",16,6,"Unexplored","None","rgb(102, 102, 102)",""
1695,"Unnamed",16,7,"Unexplored","None","rgb(102, 102, 102)",""
1696,"Unnamed",16,8,"Unexplored","None","rgb(102, 102, 102)",""
1697,"Unnamed",16,9,"Unexplored","None","rgb(102, 102, 102)",""
1698,"Unnamed",16,10,"Unexplored","None","rgb(102, 102, 102)",""
1699,"Unnamed",16,11,"Unexplored","None","rgb(102, 102, 102)",""
1700,"Unnamed",16,12,"Unexplored","None","rgb(102, 102, 102)",""
1701,"Unnamed",16,13,"Unexplored","None","rgb(102, 102, 102)",""
1702,"Unnamed",16,14,"Unexplored","None","rgb(102, 102, 102)",""
1703,"Unnamed",16,15,"Unexplored","None","rgb(102, 102, 102)",""
1704,"Unnamed",16,16,"Unexplored","None","rgb(102, 102, 102)",""
1705,"Unnamed",16,17,"Unexplored","None","rgb(102, 102, 102)",""
1706,"Unnamed",16,18,"Unexplored","None","rgb(102, 102, 102)",""
1707,"Unnamed",16,19,"Unexplored","None","rgb(102, 102, 102)",""
1708,"Unnamed",16,20,"Unexplored","None","rgb(102, 102, 102)",""
1709,"Unnamed",16,21,"Unexplored","None","rgb(102, 102, 102)",""
1710,"Unnamed",16,22,"Unexplored","None","rgb(102, 102, 102)",""
1711,"Unnamed",16,23,"Unexplored","None","rgb(102, 102, 102)",""
1712,"Unnamed",16,24,"Unexplored","None","rgb(102, 102, 102)",""
1713,"Unnamed",16,25,"Unexplored","None","rgb(102, 102, 102)",""
1714,"Unnamed",16,26,"Unexplored","None","rgb(102, 102, 102)",""
1715,"Unnamed",16,27,"Unexplored","None","rgb(102, 102, 102)",""
1716,"Unnamed",16,28,"Unexplored","None","rgb(102, 102, 102)",""
1717,"Unnamed",16,29,"Unexplored","None","rgb(102, 102, 102)",""
1718,"Unnamed",16,30,"Unexplored","None","rgb(102, 102, 102)",""
1719,"Unnamed",16,31,"Unexplored","None","rgb(102, 102, 102)",""
1720,"Unnamed",16,32,"Unexplored","None","rgb(102, 102, 102)",""
1721,"Unnamed",16,33,"Unexplored","None","rgb(102, 102, 102)",""
1722,"Unnamed",16,34,"Unexplored","None","rgb(102, 102, 102)",""
1723,"Unnamed",16,35,"Unexplored","None","rgb(102, 102, 102)",""
1724,"Unnamed",16,36,"Unexplored","None","rgb(102, 102, 102)",""
1725,"Unnamed",16,37,"Unexplored","None","rgb(102, 102, 102)",""
1726,"Unnamed",16,38,"Unexplored","None","rgb(102, 102, 102)",""
1727,"Unnamed",16,39,"Unexplored","None","rgb(102, 102, 102)",""
1728,"Unnamed",16,40,"Unexplored","None","rgb(102, 102, 102)",""
1729,"Unnamed",16,41,"Unexplored","None","rgb(102, 102, 102)",""
1730,"Unnamed",16,42,"Unexplored","None","rgb(102, 102, 102)",""
1731,"Unnamed",17,0,"Unexplored","None","rgb(102, 102, 102)",""
1732,"Unnamed",17,1,"Unexplored","None","rgb(102, 102, 102)",""
1733,"Unnamed",17,2,"Unexplored","None","rgb(102, 102, 102)",""
1734,"Unnamed",17,3,"Unexplored","None","rgb(102, 102, 102)",""
1735,"Unnamed",17,4,"Unexplored","None","rgb(102, 102, 102)",""
1736,"Unnamed",17,5,"Unexplored","None","rgb(102, 102, 102)",""
1737,"Unnamed",17,6,"Unexplored","None","rgb(102, 102, 102)",""
1738,"Unnamed",17,7,"Unexplored","None","rgb(102, 102, 102)",""
1739,"Unnamed",17,8,"Unexplored","None","rgb(102, 102, 102)",""
1740,"Unnamed",17,9,"Unexplored","None","rgb(102, 102, 102)",""
1741,"Unnamed",17,10,"Unexplored","None","rgb(102, 102, 102)",""
1742,"Unnamed",17,11,"Unexplored","None","rgb(102, 102, 102)",""
1743,"Unnamed",17,12,"Unexplored","None","rgb(102, 102, 102)",""
1744,"Unnamed",17,13,"Unexplored","None","rgb(102, 102, 102)",""
1745,"Unnamed",17,14,"Unexplored","None","rgb(102, 102, 102)",""
1746,"Unnamed",17,15,"Unexplored","None","rgb(102, 102, 102)",""
1747,"Unnamed",17,16,"Unexplored","None","rgb(102, 102, 102)",""
1748,"Unnamed",17,17,"Unexplored","None","rgb(102, 102, 102)",""
1749,"Unnamed",17,18,"Unexplored","None","rgb(102, 102, 102)",""
1750,"Unnamed",17,19,"Unexplored","None","rgb(102, 102, 102)",""
1751,"Unnamed",17,20,"Unexplored","None","rgb(102, 102, 102)",""
1752,"Unnamed",17,21,"Unexplored","None","rgb(102, 102, 102)",""
1753,"Unnamed",17,22,"Unexplored","None","rgb(102, 102, 102)",""
1754,"Unnamed",17,23,"Unexplored","None","rgb(102, 102, 102)",""
1755,"Unnamed",17,24,"Unexplored","None","rgb(102, 102, 102)",""
1756,"Unnamed",17,25,"Unexplored","None","rgb(102, 102, 102)",""
1757,"Unnamed",17,26,"Unexplored","None","rgb(102, 102, 102)",""
1758,"Unnamed",17,27,"Unexplored","None","rgb(102, 102, 102)",""
1759,"Unnamed",17,28,"Unexplored","None","rgb(102, 102, 102)",""
1760,"Unnamed",17,29,"Unexplored","None","rgb(102, 102, 102)",""
1761,"Unnamed",17,30,"Unexplored","None","rgb(102, 102, 102)",""
1762,"Unnamed",17,31,"Unexplored","None","rgb(102, 102, 102)",""
1763,"Unnamed",17,32,"Unexplored","None","rgb(102, 102, 102)",""
1764,"Unnamed",17,33,"Unexplored","None","rgb(102, 102, 102)",""
1765,"Unnamed",17,34,"Unexplored","None","rgb(102, 102, 102)",""
1766,"Unnamed",17,35,"Unexplored","None","rgb(102, 102, 102)",""
1767,"Unnamed",17,36,"Unexplored","None","rgb(102, 102, 102)",""
1768,"Unnamed",17,37,"Unexplored","None","rgb(102, 102, 102)",""
1769,"Unnamed",17,38,"Unexplored","None","rgb(102, 102, 102)",""
1770,"Unnamed",17,39,"Unexplored","None","rgb(102, 102, 102)",""
1771,"Unnamed",17,40,"Unexplored","None","rgb(102, 102, 102)",""
1772,"Unnamed",17,41,"Unexplored","None","rgb(102, 102, 102)",""
1773,"Unnamed",17,42,"Unexplored","None","rgb(102, 102, 102)",""
1774,"Unnamed",18,0,"Unexplored","None","rgb(102, 102, 102)",""
1775,"Unnamed",18,1,"Unexplored","None","rgb(102, 102, 102)",""
1776,"Unnamed",18,2,"Unexplored","None","rgb(102, 102, 102)",""
1777,"Unnamed",18,3,"Unexplored","None","rgb(102, 102, 102)",""
1778,"Unnamed",18,4,"Unexplored","None","rgb(102, 102, 102)",""
1779,"Unnamed",18,5,"Unexplored","None","rgb(102, 102, 102)",""
1780,"Unnamed",18,6,"Unexplored","None","rgb(102, 102, 102)",""
1781,"Unnamed",18,7,"Unexplored","None","rgb(102, 102, 102)",""
1782,"Unnamed",18,8,"Unexplored","None","rgb(102, 102, 102)",""
1783,"Unnamed",18,9,"Unexplored","None","rgb(102, 102, 102)",""
1784,"Unnamed",18,10,"Unexplored","None","rgb(102, 102, 102)",""
1785,"Unnamed",18,11,"Unexplored","None","rgb(102, 102, 102)",""
1786,"Unnamed",18,12,"Unexplored","None","rgb(102, 102, 102)",""
1787,"Unnamed",18,13,"Unexplored","None","rgb(102, 102, 102)",""
1788,"Unnamed",18,14,"Unexplored","None","rgb(102, 102, 102)",""
1789,"Unnamed",18,15,"Unexplored","None","rgb(102, 102, 102)",""
1790,"Unnamed",18,16,"Unexplored","None","rgb(102, 102, 102)",""
1791,"Unnamed",18,17,"Unexplored","None","rgb(102, 102, 102)",""
1792,"Unnamed",18,18,"Unexplored","None","rgb(102, 102, 102)",""
1793,"Unnamed",18,19,"Unexplored","None","rgb(102, 102, 102)",""
1794,"Unnamed",18,20,"Unexplored","None","rgb(102, 102, 102)",""
1795,"Unnamed",18,21,"Unexplored","None","rgb(102, 102, 102)",""
1796,"Unnamed",18,22,"Unexplored","None","rgb(102, 102, 102)",""
1797,"Unnamed",18,23,"Unexplored","None","rgb(102, 102, 102)",""
1798,"Unnamed",18,24,"Unexplored","None","rgb(102, 102, 102)",""
1799,"Unnamed",18,25,"Unexplored","None","rgb(102, 102, 102)",""
1800,"Unnamed",18,26,"Unexplored","None","rgb(102, 102, 102)",""
1801,"Unnamed",18,27,"Unexplored","None","rgb(102, 102, 102)",""
1802,"Unnamed",18,28,"Unexplored","None","rgb(102, 102, 102)",""
1803,"Unnamed",18,29,"Unexplored","None","rgb(102, 102, 102)",""
1804,"Unnamed",18,30,"Unexplored","None","rgb(102, 102, 102)",""
1805,"Unnamed",18,31,"Unexplored","None","rgb(102, 102, 102)",""
1806,"Unnamed",18,32,"Unexplored","None","rgb(102, 102, 102)",""
1807,"Unnamed",18,33,"Unexplored","None","rgb(102, 102, 102)",""
1808,"Unnamed",18,34,"Unexplored","None","rgb(102, 102, 102)",""
1809,"Unnamed",18,35,"Unexplored","None","rgb(102, 102, 102)",""
1810,"Unnamed",18,36,"Unexplored","None","rgb(102, 102, 102)",""
1811,"Unnamed",18,37,"Unexplored","None","rgb(102, 102, 102)",""
1812,"Unnamed",18,38,"Unexplored","None","rgb(102, 102, 102)",""
1813,"Unnamed",18,39,"Unexplored","None","rgb(102, 102, 102)",""
1814,"Unnamed",18,40,"Unexplored","None","rgb(102, 102, 102)",""
1815,"Unnamed",18,41,"Unexplored","None","rgb(102, 102, 102)",""
1816,"Unnamed",18,42,"Unexplored","None","rgb(102, 102, 102)",""
1817,"Unnamed",19,0,"Unexplored","None","rgb(102, 102, 102)",""
1818,"Unnamed",19,1,"Unexplored","None","rgb(102, 102, 102)",""
1819,"Unnamed",19,2,"Unexplored","None","rgb(102, 102, 102)",""
1820,"Unnamed",19,3,"Unexplored","None","rgb(102, 102, 102)",""
1821,"Unnamed",19,4,"Unexplored","None","rgb(102, 102, 102)",""
1822,"Unnamed",19,5,"Unexplored","None","rgb(102, 102, 102)",""
1823,"Unnamed",19,6,"Unexplored","None","rgb(102, 102, 102)",""
1824,"Unnamed",19,7,"Unexplored","None","rgb(102, 102, 102)",""
1825,"Unnamed",19,8,"Unexplored","None","rgb(102, 102, 102)",""
1826,"Unnamed",19,9,"Unexplored","None","rgb(102, 102, 102)",""
1827,"Unnamed",19,10,"Unexplored","None","rgb(102, 102, 102)",""
1828,"Unnamed",19,11,"Unexplored","None","rgb(102, 102, 102)",""
1829,"Unnamed",19,12,"Unexplored","None","rgb(102, 102, 102)",""
1830,"Unnamed",19,13,"Unexplored","None","rgb(102, 102, 102)",""
1831,"Unnamed",19,14,"Unexplored","None","rgb(102, 102, 102)",""
1832,"Unnamed",19,15,"Unexplored","None","rgb(102, 102, 102)",""
1833,"Unnamed",19,16,"Unexplored","None","rgb(102, 102, 102)",""
1834,"Unnamed",19,17,"Unexplored","None","rgb(102, 102, 102)",""
1835,"Unnamed",19,18,"Unexplored","None","rgb(102, 102, 102)",""
1836,"Unnamed",19,19,"Unexplored","None","rgb(102, 102, 102)",""
1837,"Unnamed",19,20,"Unexplored","None","rgb(102, 102, 102)",""
1838,"Unnamed",19,21,"Unexplored","None","rgb(102, 102, 102)",""
1839,"Unnamed",19,22,"Unexplored","None","rgb(102, 102, 102)",""
1840,"Unnamed",19,23,"Unexplored","None","rgb(102, 102, 102)",""
1841,"Unnamed",19,24,"Unexplored","None","rgb(102, 102, 102)",""
1842,"Unnamed",19,25,"Unexplored","None","rgb(102, 102, 102)",""
1843,"Unnamed",19,26,"Unexplored","None","rgb(102, 102, 102)",""
1844,"Unnamed",19,27,"Unexplored","None","rgb(102, 102, 102)",""
1845,"Unnamed",19,28,"Unexplored","None","rgb(102, 102, 102)",""
1846,"Unnamed",19,29,"Unexplored","None","rgb(102, 102, 102)",""
1847,"Unnamed",19,30,"Unexplored","None","rgb(102, 102, 102)",""
1848,"Unnamed",19,31,"Unexplored","None","rgb(102, 102, 102)",""
1849,"Unnamed",19,32,"Unexplored","None","rgb(102, 102, 102)",""
1850,"Unnamed",19,33,"Unexplored","None","rgb(102, 102, 102)",""
1851,"Unnamed",19,34,"Unexplored","None","rgb(102, 102, 102)",""
1852,"Unnamed",19,35,"Unexplored","None","rgb(102, 102, 102)",""
1853,"Unnamed",19,36,"Unexplored","None","rgb(102, 102, 102)",""
1854,"Unnamed",19,37,"Unexplored","None","rgb(102, 102, 102)",""
1855,"Unnamed",19,38,"Unexplored","None","rgb(102, 102, 102)",""
1856,"Unnamed",19,39,"Unexplored","None","rgb(102, 102, 102)",""
1857,"Unnamed",19,40,"Unexplored","None","rgb(102, 102, 102)",""
1858,"Unnamed",19,41,"Unexplored","None","rgb(102, 102, 102)",""
1859,"Unnamed",19,42,"Unexplored","None","rgb(102, 102, 102)",""